h3,lat,lng,colleges,hostels,offices,apartments,malls,grocery
883da218ebfffff,26.912536193960918,75.78449157810083,0,0,1,0,0,0
883da218e9fffff,26.911692623930946,75.77489995932866,0,0,0,0,0,0
883da218e1fffff,26.905121732091253,75.7804131769956,0,3,1,1,0,0
883da218e3fffff,26.905964911898508,75.79000383378025,0,1,2,1,0,0
883da2188dfffff,26.91337911080862,75.7940832821071,0,1,0,1,0,0
883da218c7fffff,26.919951155823163,75.78857085459661,0,0,2,0,0,1
883da218c5fffff,26.919107848725975,75.77897818826115,0,0,0,0,0,0
883da21813fffff,26.918263888223965,75.76938560748627,0,0,0,0,0,1
883da21817fffff,26.910848400778246,75.76530842632708,0,0,0,0,0,0
883da218edfffff,26.90427789938372,75.77082260565514,0,0,2,1,0,1
883da218e5fffff,26.897707770527397,75.77633565104047,0,0,1,1,0,0
883da218e7fffff,26.898551213039013,75.78592526073486,0,0,2,1,1,0
883da218a9fffff,26.899394002872832,75.79551495554735,0,1,2,0,0,2
883da21885fffff,26.906807438746057,75.79959457547282,0,0,3,1,0,1
883da21881fffff,26.914221374414712,75.80367507081105,1,0,1,0,0,1
883da21889fffff,26.92079380945608,75.79816360595589,0,2,2,0,1,1
883da218c3fffff,26.927366617364626,75.79265100672336,0,3,1,3,0,4
883da218c1fffff,26.92652357345551,75.78305729269314,0,0,0,0,0,0
883da218cdfffff,26.925679875859444,75.77346366401332,0,0,0,0,0,0
883da2181bfffff,26.924835524635984,75.7638701212206,0,0,0,0,1,0
883da21811fffff,26.917419274376737,75.75979311280852,0,0,0,0,0,0
883da21815fffff,26.910003524562452,75.75571697963254,0,0,0,0,0,0
883da2183bfffff,26.9034334138355,75.76123212029522,0,0,0,0,0,0
883da21833fffff,26.896863675397434,75.76674612700022,0,1,0,0,0,0
883da219d9fffff,26.890294309582348,75.77225899999503,1,0,1,0,2,0
883da219dbfffff,26.891138014543245,75.78184756273066,0,0,0,0,0,0
883da218adfffff,26.89198106710819,75.79143621079433,0,0,7,0,0,0
883da218a1fffff,26.892823467217745,75.80102494365006,0,1,10,0,0,0
883da218abfffff,26.90023613996949,75.80510473494175,0,0,0,0,0,0
883da21887fffff,26.90764931257464,75.809185401537,0,0,0,1,0,0
883da21883fffff,26.91506298471995,75.81326694367614,4,3,0,0,0,1
883da2188bfffff,26.921635809565394,75.80775644180243,0,4,0,0,0,0
883da218d5fffff,26.928209007527418,75.80224480556704,1,0,0,0,0,1
883da218ddfffff,26.934782578271765,75.79673203472171,0,0,0,4,0,0
883da218cbfffff,26.933939797806083,75.7871372728653,0,0,0,0,1,0
883da218c9fffff,26.933096363371295,75.77754259614882,0,0,0,0,0,0
883da21aa7fffff,26.93225227502688,75.76794800510935,0,0,0,0,0,0
883da21aa5fffff,26.931407532832488,75.75835350028377,0,0,0,0,0,0
883da21819fffff,26.923990519844804,75.75427666485179,0,0,0,0,1,0
883da2181dfffff,26.91657400724402,75.75020070476454,0,0,0,1,0,0
883da21803fffff,26.90915799534338,75.7461256197814,0,0,4,0,1,2
883da21839fffff,26.90258827550629,75.75164172145202,0,0,1,0,0,0
883da21831fffff,26.896018927708774,75.75715668915021,0,0,0,0,0,0
883da21837fffff,26.889449952285013,75.76267052312336,0,0,0,0,0,0
883da219ddfffff,26.882881349568965,75.76818322361903,0,0,1,0,0,0
883da219d1fffff,26.883725316724128,75.77777073952731,0,0,0,0,0,0
883da219d3fffff,26.88456863176513,75.78735834097346,0,0,0,0,0,2
883da218a5fffff,26.885411294632515,75.79694602742168,0,2,2,9,0,1
883da218a7fffff,26.886253305266962,75.80653379833619,0,0,2,0,0,0
883da218a3fffff,26.893665214812692,75.81061376076185,1,0,2,0,0,0
883da218bdfffff,26.901077624269785,75.81469459838183,0,0,0,1,1,0
883da218b9fffff,26.908490533325097,75.81877631143638,1,0,0,0,0,0
883da21895fffff,26.91590394166525,75.82285890016578,0,0,0,0,0,0
883da2189dfffff,26.922477156091958,75.81734936159951,0,1,0,0,0,1
883da218d7fffff,26.9290507438846,75.81183868868743,0,0,0,0,0,0
883da218d1fffff,26.93562470470901,75.80632688118118,0,0,0,0,0,1
883da218d9fffff,26.94219903823083,75.80081393883235,0,0,0,0,0,0
883da21ab7fffff,26.94135652146404,75.79121812901816,0,0,0,0,0,1
883da21ab5fffff,26.940513350445947,75.7816224041335,0,0,0,0,0,1
883da21aa3fffff,26.939669525235974,75.77202676471549,0,0,0,0,0,2
883da21aa1fffff,26.9388250458937,75.76243121130129,0,0,0,0,0,0
883da21aadfffff,26.937979912478827,75.75283574442798,0,0,0,0,0,0
883da21853fffff,26.93056213684788,75.74875908220908,0,0,0,0,0,0
883da21857fffff,26.923144861545744,75.74468329544358,0,0,0,0,0,1
883da2180bfffff,26.915728086885714,75.74060838389079,0,0,1,6,1,1
883da21801fffff,26.908311813180966,75.73653434731008,0,0,0,1,0,1
883da21807fffff,26.901742484455944,75.7420514096618,0,0,0,2,1,1
883da2183dfffff,26.89517352752119,75.74756733802654,0,0,3,1,0,0
883da21835fffff,26.888604942710945,75.75308213265163,0,0,0,0,0,0
883da219cbfffff,26.88203673035922,75.7585957937844,1,1,0,0,0,0
883da219c3fffff,26.875468890799926,75.76410832167223,0,0,0,0,0,0
883da219d5fffff,26.876313119894423,75.7736947908846,0,0,3,0,0,1
883da219d7fffff,26.877156697156515,75.78328134584454,0,0,0,0,0,1
883da21999fffff,26.877999622526698,75.7928679860165,0,1,0,0,0,0
883da2199bfffff,26.878841895945587,75.80245471086475,0,0,2,1,0,0
883da20a4dfffff,26.879683517353975,75.81204151985368,3,0,2,1,0,0
883da20a49fffff,26.8870946636093,75.81612165318114,7,0,0,0,0,0
883da218b5fffff,26.8945063098339,75.82020266159367,0,1,0,0,0,0
883da218b1fffff,26.901918455714693,75.82428454533144,0,0,1,0,0,0
883da218bbfffff,26.90933110093841,75.82836730463461,0,0,0,0,0,0
883da21897fffff,26.916744245191676,75.83245093974347,0,0,0,0,0,0
883da21891fffff,26.92331784897673,75.82694236481039,0,0,2,0,0,2
883da21899fffff,26.92989182637707,75.8214326555476,0,0,0,0,0,0
883da218d3fffff,26.936466177058588,75.81592181170659,0,0,0,0,0,0
883da218dbfffff,26.943040900687034,75.81040983303885,0,0,0,0,0,0
883da20365fffff,26.94961599692793,75.80489671929588,0,0,0,0,0,0
883da21ab3fffff,26.948773744115577,75.79529986139254,0,0,1,0,0,1
883da21ab1fffff,26.947930836769668,75.78570308820805,0,0,0,0,0,1
883da21abdfffff,26.947087274949578,75.7761064002798,1,0,1,0,0,0
883da21aabfffff,26.946243058714817,75.76650979814505,1,0,0,0,0,0
883da21aa9fffff,26.945398188125054,75.75691328234115,0,0,0,0,0,0
883da21ae7fffff,26.9445526632401,75.7473168534053,0,0,0,0,0,0
883da2185bfffff,26.937134125051227,75.74324036463267,0,0,0,0,0,0
883da21851fffff,26.929716087132977,75.73916475142208,0,0,0,0,0,0
883da21855fffff,26.92229854979876,75.73509001353274,0,0,0,0,0,0
883da21809fffff,26.91488151336185,75.7310161507239,2,0,3,0,0,0
883da2180dfffff,26.907464978135295,75.72694316275485,1,0,1,0,0,0
883da21805fffff,26.900896040744463,75.73246118546075,0,0,0,0,0,0
883da2182bfffff,26.894327474894578,75.73797807416524,0,0,1,1,0,1
883da21823fffff,26.887759280919934,75.74349382911564,0,0,0,0,0,0
883da219c9fffff,26.881191459154653,75.74900845055913,0,0,0,0,0,0
883da219c1fffff,26.874624009932667,75.754521938743,0,0,0,0,0,0
883da219c7fffff,26.868056933587695,75.76003429391443,0,0,2,0,0,0
883da21989fffff,26.86890142436669,75.76961971656242,0,0,0,0,0,0
883da2198bfffff,26.86974526359499,75.77920522516756,0,0,1,0,0,0
883da2199dfffff,26.870588451213035,75.78879081919433,0,0,0,0,0,0
883da21991fffff,26.8714309871614,75.7983764981074,0,0,1,0,1,0
883da21993fffff,26.8722728713808,75.80796226137124,0,0,1,0,0,0
883da20a45fffff,26.87311410381212,75.8175481084503,0,0,2,1,0,0
883da20a41fffff,26.880524486692764,75.8216284124476,0,0,0,0,0,0
883da20a4bfffff,26.88793536960052,75.82570959142062,0,0,0,0,0,0
883da218b7fffff,26.895346752222412,75.8297916456095,0,0,0,0,0,0
883da218b3fffff,26.902758634245263,75.83387457525431,0,0,2,0,1,1
883da2016dfffff,26.91017101535578,75.83795838059524,0,0,0,0,0,0
883da20169fffff,26.917583895240416,75.84204306187254,0,1,0,0,0,0
883da21893fffff,26.924157888160842,75.83653545089835,0,0,0,0,0,0
883da2189bfffff,26.930732254945855,75.83102670561063,0,2,0,0,0,0
883da20325fffff,26.937306995261473,75.8255168257609,0,0,0,0,0,0
883da2032dfffff,26.94388210877349,75.82000581110049,0,0,0,0,0,0
883da20367fffff,26.950457595147526,75.8144936613808,0,0,0,0,0,0
883da20361fffff,26.957033454048986,75.80898037635318,0,0,0,0,0,0
883da2036dfffff,26.956191465446675,75.79938247022918,0,0,0,0,0,0
883da21abbfffff,26.95534882202852,75.78978464861329,0,0,0,0,0,0
883da21ab9fffff,26.95450552385385,75.78018691204305,3,0,0,0,0,4
883da21a87fffff,26.95366157098211,75.77058926105596,0,0,0,0,0,0
883da21a85fffff,26.95281696347291,75.76099169618941,1,0,0,0,0,0
883da21ae3fffff,26.95197170138599,75.75139421798089,0,0,0,0,0,0
883da21ae1fffff,26.95112578478124,75.74179682696784,0,0,0,0,0,0
883da21ae5fffff,26.943706484119875,75.73772051187478,0,0,1,0,0,0
883da21859fffff,26.936287683670884,75.73364507245233,0,0,0,0,0,0
883da2185dfffff,26.92886938374781,75.72957050845964,0,0,0,0,0,0
883da21843fffff,26.921451584664002,75.72549681965593,0,0,0,0,0,0
883da21847fffff,26.914034286732605,75.72142400580029,1,0,0,0,0,0
883da2186bfffff,26.906617490266598,75.71735206665208,0,0,0,23,0,0
883da21863fffff,26.900048944431994,75.722871049385,0,0,0,0,0,0
883da21829fffff,26.893480769888992,75.72838889810234,0,0,0,0,0,0
883da21821fffff,26.88691296697198,75.73390561305125,0,0,0,0,0,0
883da21827fffff,26.880345536015135,75.73942119447894,0,0,1,0,0,0
883da219cdfffff,26.873778477352452,75.74493564263248,0,0,0,0,0,0
883da219c5fffff,26.867211791317743,75.75044895775898,0,0,0,0,0,0
883da219ebfffff,26.86064547824464,75.75596114010557,0,0,0,0,0,0
883da2198dfffff,26.861490230453335,75.76554551632066,0,0,1,0,0,0
883da21981fffff,26.862334331393008,75.77512997870228,0,1,0,0,0,0
883da21983fffff,26.863177781004072,75.78471452671516,0,0,0,0,0,0
883da21995fffff,26.864020579227024,75.79429915982415,0,0,0,0,1,0
883da21997fffff,26.86486272600251,75.8038838774938,0,0,0,0,0,0
883da20a69fffff,26.86570422127137,75.81346867918887,0,0,1,0,0,0
883da20a6bfffff,26.866545064974503,75.82305356437394,0,0,0,0,0,0
883da20a47fffff,26.873954684396317,75.82713403880912,0,0,0,0,0,0
883da20a43fffff,26.881364803903022,75.83121538811073,0,0,0,0,0,0
883da20a5dfffff,26.888775423181727,75.83529761251874,0,0,1,0,0,0
883da20a59fffff,26.896186541919374,75.8393807122732,0,0,0,0,0,0
883da20165fffff,26.903598159802744,75.84346468761416,0,0,0,0,0,0
883da20161fffff,26.911010276518432,75.84754953878182,0,0,0,0,0,0
883da2016bfffff,26.918422891752844,75.85163526601642,0,0,0,0,0,0
883da20145fffff,26.924997273585518,75.84612861932654,0,0,0,0,0,0
883da2014dfffff,26.931572029532134,75.84062083833962,0,0,0,0,0,0
883da20327fffff,26.938147159258744,75.83511192280702,0,0,0,0,0,0
883da20321fffff,26.944722662431207,75.82960187248,0,0,0,0,0,0
883da20329fffff,26.951298538715225,75.82409068710977,0,0,0,0,0,0
883da20363fffff,26.957874787776305,75.81857836644771,0,0,0,0,0,0
883da2036bfffff,26.96445140927975,75.81306491024499,0,0,0,0,0,0
883da20369fffff,26.963609685143165,75.80346595576896,0,0,0,0,0,0
883da21a97fffff,26.962767305908418,75.79386708559015,0,0,0,0,0,0
883da21a95fffff,26.96192427163477,75.78426830024621,0,0,0,3,0,0
883da21a83fffff,26.96108058238162,75.77466960027488,0,0,0,0,0,0
883da21a81fffff,26.960236238208513,75.76507098621371,0,0,1,0,0,0
883da21a8dfffff,26.959391239175144,75.75547245860042,0,0,0,0,0,0
883da21aebfffff,26.958545585341316,75.74587401797254,0,0,0,0,0,0
883da21ae9fffff,26.95769927676703,75.73627566486765,0,0,0,0,0,0
883da21aedfffff,26.950279213718705,75.73219952368758,0,0,0,0,0,0
883da21a33fffff,26.942859650824484,75.72812425828668,0,0,0,0,0,0
883da21a37fffff,26.93544058839797,75.72404986842403,0,0,0,0,0,0
883da2184bfffff,26.928022026752636,75.7199763538587,1,0,0,0,0,0
883da21841fffff,26.9206039662017,75.71590371434972,0,0,0,0,0,0
883da21845fffff,26.91318640705827,75.71183194965644,0,0,0,3,1,0
883da21869fffff,26.905769349635253,75.70776105953806,0,0,0,11,0,0
883da21861fffff,26.89920119557881,75.71328100197069,0,0,0,0,0,0
883da21867fffff,26.89263341256466,75.71879981037377,0,0,0,0,0,0
883da2182dfffff,26.886066000927197,75.72431748499434,0,0,0,0,0,0
883da21825fffff,26.879498961000703,75.72983402607944,0,0,0,0,0,0
883da2191bfffff,26.872932293119216,75.73534943387617,0,0,0,0,0,0
883da21913fffff,26.866365997616665,75.74086370863144,0,0,0,0,0,0
883da219e9fffff,26.85980007482669,75.74637685059226,0,0,0,0,0,0
883da219e1fffff,26.853234525082858,75.75188886000564,0,0,0,0,0,0
883da219e3fffff,26.85407953846657,75.76147218991933,0,1,0,0,0,0
883da21985fffff,26.85492390086291,75.77105560620883,0,0,1,0,0,0
883da21987fffff,26.855767612212215,75.7806391083391,0,0,0,0,0,0
883da219b9fffff,26.856610672454924,75.790222695775,0,0,0,0,0,0
883da219bbfffff,26.85745308153166,75.79980636798145,0,0,0,1,0,0
883da20a6dfffff,26.85829483938314,75.80939012442329,1,0,2,0,2,0
883da20a61fffff,26.859135945950282,75.81897396456534,0,0,0,0,0,0
883da20a63fffff,26.85997640117412,75.8285578878724,0,0,0,0,0,0
883da20a0dfffff,26.867385257053034,75.83263853251368,0,0,0,0,0,0
883da20a09fffff,26.87479461307457,75.8367200519121,0,0,0,0,0,0
883da20a55fffff,26.882204468925934,75.84080244630738,0,0,0,0,0,0
883da20a51fffff,26.889614824294167,75.84488571593961,0,0,0,0,0,0
883da20a5bfffff,26.89702567886613,75.84896986104869,0,0,0,0,0,0
883da20167fffff,26.904437032328524,75.85305488187475,0,0,0,0,0,0
883da20163fffff,26.911848884367835,75.85714077865794,0,0,0,0,0,0
883da2010dfffff,26.919261234670415,75.86122755163841,0,0,0,0,0,0
883da20147fffff,26.9258360051922,75.85572186955821,0,0,0,0,0,0
883da20141fffff,26.93241115007723,75.8502150531976,0,0,0,0,0,0
883da20149fffff,26.938986668991635,75.84470710230782,0,0,0,0,0,0
883da20323fffff,26.945562561601353,75.83919801664008,0,1,0,0,1,0
883da2032bfffff,26.952138827572142,75.83368779594551,0,0,0,0,0,0
883da20305fffff,26.95871546656958,75.82817643997522,0,0,0,0,0,0
883da2030dfffff,26.96529247825904,75.82266394848048,0,0,0,0,0,0
883da20347fffff,26.971869862305756,75.8171503212123,0,0,0,0,0,0
883da20345fffff,26.971028402890685,75.80755031825282,0,0,0,0,0,0
883da21a93fffff,26.970186288095082,75.79795039937953,0,0,0,0,0,0
883da21a91fffff,26.969343517978157,75.78835056513022,0,0,0,0,0,0
883da21a9dfffff,26.96850009259926,75.77875081604283,0,0,0,0,0,0
883da21a8bfffff,26.967656012017837,75.76915115265508,0,0,0,0,1,2
883da21a89fffff,26.966811276293573,75.75955157550489,0,0,1,0,0,1
883da21ac7fffff,26.96596588548621,75.74995208512995,0,0,0,0,0,0
883da21ac5fffff,26.965119839655667,75.74035268206802,0,0,0,0,0,0
883da21a13fffff,26.964273138862037,75.73075336685686,0,0,0,0,0,0
883da21a17fffff,26.956852313512407,75.72667739982326,0,0,0,0,0,0
883da21a3bfffff,26.94943198825854,75.72260230867745,0,0,1,0,0,1
883da21a31fffff,26.94201216341416,75.71852809317828,0,0,0,2,0,0
883da21a35fffff,26.93459283929277,75.71445475308477,0,0,0,0,0,0
883da21849fffff,26.927174016207747,75.7103822881559,0,0,0,0,0,0
883da2184dfffff,26.919755694472265,75.70631069815086,0,0,0,0,0,0
883da21b13fffff,26.912337874399327,75.70223998282881,0,0,0,2,0,0
883da21b17fffff,26.904920556301747,75.69817014194899,0,0,0,0,0,0
883da2186dfffff,26.898352794245373,75.70369104375389,0,0,0,0,0,0
883da21865fffff,26.89178540298189,75.70921081151549,0,0,0,0,0,0
883da2195bfffff,26.88521838284583,75.71472944548067,0,0,0,0,0,0
883da21953fffff,26.87865173417151,75.72024694589638,0,0,0,0,0,0
883da21919fffff,26.872085457293068,75.72576331300957,0,0,0,0,0,0
883da21911fffff,26.86551955254444,75.7312785470671,0,0,0,0,0,0
883da21917fffff,26.858954020259432,75.73679264831588,0,0,0,0,0,0
883da219edfffff,26.852388860771594,75.74230561700276,0,0,0,0,0,0
883da219e5fffff,26.84582407441433,75.74781745337461,0,0,0,0,0,0
883da219e7fffff,26.846669348718457,75.75739973711848,0,0,0,1,0,0
883da219a9fffff,26.84751397231681,75.76698210744728,1,0,0,0,0,0
883da219abfffff,26.848357945149658,75.77656456382611,0,0,0,0,0,1
883da219bdfffff,26.849201267157408,75.78614710572013,0,0,0,0,0,0
883da219b1fffff,26.850043938280585,75.79572973259434,0,0,1,0,0,0
883da219b3fffff,26.8508859584599,75.80531244391379,0,0,2,0,1,0
883da20a65fffff,26.851727327636187,75.81489523914345,0,0,2,0,0,0
883da20a67fffff,26.852568045750417,75.82447811774834,0,0,0,0,0,1
883da20a29fffff,26.85340811274371,75.83406107919343,0,0,0,0,0,0
883da20a05fffff,26.8608162049958,75.83814189380922,0,0,0,0,0,0
883da20a01fffff,26.86822479744818,75.84222358307268,0,0,0,0,0,0
883da20a0bfffff,26.87563388978815,75.84630614722357,0,0,0,0,0,0
883da20a57fffff,26.883043481702863,75.85038958650178,0,0,0,0,0,0
883da20a53fffff,26.89045357287927,75.85447390114722,0,0,0,0,0,0
883da2012dfffff,26.897864163004133,75.85855909139984,0,0,0,0,0,0
883da20129fffff,26.9052752517641,75.86264515749974,0,0,0,0,0,0
883da20105fffff,26.912686838845556,75.86673209968703,0,0,0,0,0,0
883da20101fffff,26.920098923934788,75.87081991820186,0,0,0,0,0,0
883da20109fffff,26.926674082922418,75.8653152010565,0,0,0,0,0,0
883da20143fffff,26.933249616522595,75.85980934964756,0,0,0,0,0,0
883da2014bfffff,26.939825524401513,75.85430236372618,0,0,0,0,0,0
883da20335fffff,26.946401806225182,75.84879424304346,0,0,0,0,0,0
883da2033dfffff,26.952978461659434,75.84328498735042,0,0,0,0,0,0
883da20307fffff,26.959555490369926,75.83777459639813,0,0,0,0,0,0
883da20301fffff,26.966132892022106,75.83226306993764,0,0,0,0,0,0
883da20309fffff,26.972710666281227,75.82675040771996,0,0,0,0,0,0
883da20343fffff,26.979288812812403,75.82123660949601,0,0,0,0,0,0
883da20341fffff,26.97844761837472,75.81163555792178,0,0,0,0,0,0
883da2034dfffff,26.977605768274085,75.80203459022246,0,0,0,0,0,0
883da21a9bfffff,26.976763262569644,75.79243370693614,0,0,0,0,0,0
883da21a99fffff,26.975920101320703,75.78283290860084,0,0,0,0,0,0
883da21ad7fffff,26.9750762845867,75.77323219575459,0,0,1,0,0,0
883da21ad5fffff,26.974231812427178,75.76363156893538,0,0,1,0,0,0
883da21ac3fffff,26.973386684901893,75.75403102868114,0,0,0,0,0,0
883da21ac1fffff,26.972540902070662,75.74443057552982,0,0,0,0,0,0
883da21acdfffff,26.97169446399354,75.73483021001928,0,0,0,0,0,0
883da21a1bfffff,26.97084737073063,75.72522993268743,0,0,0,0,0,0
883da21a11fffff,26.96342578316549,75.72115414003407,0,0,0,0,0,0
883da21a15fffff,26.9560046956377,75.71707922337691,0,0,1,0,0,0
883da21a39fffff,26.94858410846109,75.71300518247483,0,0,0,0,0,0
883da21a3dfffff,26.94116402194927,75.70893201708668,0,0,0,0,0,0
883da21a23fffff,26.933744436415694,75.7048597269714,0,0,0,0,0,0
883da21a27fffff,26.926325352173656,75.70078831188813,0,0,0,0,0,0
883da21b1bfffff,26.91890676953623,75.69671777159583,0,0,0,0,0,0
883da21b11fffff,26.911488688816345,75.69264810585376,0,0,0,3,0,1
883da21b15fffff,26.90407111032676,75.68857931442113,0,0,0,0,0,0
883da21b3bfffff,26.897503740492205,75.69410117527077,0,0,0,0,0,0
883da21b33fffff,26.89093674120118,75.69962190206346,0,0,0,0,0,0
883da21959fffff,26.88437011278827,75.70514149504599,0,0,0,2,0,0
883da21951fffff,26.87780385558788,75.71065995446533,0,0,0,0,0,0
883da21957fffff,26.871237969934192,75.71617728056816,0,0,0,0,0,0
883da2191dfffff,26.864672456161255,75.72169347360135,0,0,0,0,0,0
883da21915fffff,26.858107314602886,75.72720853381162,0,0,0,0,0,0
883da2193bfffff,26.851542545592753,75.73272246144576,0,0,0,2,0,0
883da21933fffff,26.844978149464307,75.73823525675054,0,0,0,0,0,0
883da256d9fffff,26.83841412655085,75.74374691997264,0,0,0,0,0,0
883da256dbfffff,26.839259661520856,75.75332815767821,0,0,0,1,0,0
883da219adfffff,26.84010454606665,75.76290948217773,0,0,0,0,0,0
883da219a1fffff,26.84094878012843,75.77249089293646,1,0,1,0,0,0
883da219a3fffff,26.841792363646558,75.78207238941967,0,0,0,0,0,0
883da219b5fffff,26.8426352965615,75.79165397109261,0,0,0,1,1,0
883da219b7fffff,26.84347757881391,75.8012356374205,0,0,0,0,1,1
883da20b59fffff,26.844319210344565,75.81081738786857,0,0,0,0,0,0
883da20b5bfffff,26.845160191094372,75.82039922190185,0,0,0,0,0,0
883da20a2dfffff,26.8460005210044,75.82998113898557,0,0,0,0,0,0
883da20a21fffff,26.84684020001586,75.83956313858482,0,0,0,0,0,0
883da20a2bfffff,26.854247528557302,75.84364412294357,0,0,0,0,0,0
883da20a07fffff,26.861655357356653,75.84772598184055,0,0,0,0,0,0
883da20a03fffff,26.869063686101313,75.85180871551546,0,0,0,0,0,0
883da20a1dfffff,26.87647251447851,75.85589232420803,0,0,0,0,0,0
883da20a19fffff,26.883881842175292,75.85997680815811,0,0,0,0,0,0
883da20125fffff,26.89129166887857,75.8640621676056,0,0,0,0,0,0
883da20121fffff,26.898701994274994,75.8681484027905,0,0,0,0,0,0
883da2012bfffff,26.90611281805113,75.87223551395276,0,0,0,0,0,0
883da20107fffff,26.91352413989332,75.87632350133258,0,0,0,0,0,0
883da20103fffff,26.920935959487725,75.88041236517007,0,0,0,0,0,0
883da2010bfffff,26.92751150671787,75.87490861328453,0,0,0,0,0,0
883da20155fffff,26.934087428809832,75.8694037271525,0,0,0,0,0,0
883da2015dfffff,26.940663725429886,75.86389770652494,0,0,0,0,0,0
883da20337fffff,26.947240396244148,75.85839055115284,0,0,0,0,0,0
883da20331fffff,26.95381744091848,75.85288226078711,0,0,0,0,0,0
883da20339fffff,26.960394859118615,75.84737283517879,0,0,0,0,0,0
883da20303fffff,26.966972650510076,75.84186227407875,0,0,0,0,0,0
883da2030bfffff,26.973550814758212,75.8363505772379,0,0,0,0,0,0
883da20355fffff,26.980129351528173,75.8308377444071,0,0,0,0,0,0
883da2035dfffff,26.986708260484935,75.82532377533725,0,0,0,0,0,0
883da2034bfffff,26.985867331280545,75.81572167501685,0,0,0,0,0,0
883da20349fffff,26.985025746130766,75.80611965836003,0,0,0,0,0,0
883da211a7fffff,26.98418350509468,75.79651772590505,0,0,0,0,0,0
883da211a5fffff,26.983340608231533,75.78691587819007,0,0,0,0,0,0
883da21ad3fffff,26.98249705560068,75.77731411575338,0,0,1,0,0,0
883da21ad1fffff,26.981652847261657,75.76771243913308,0,0,1,0,0,0
883da21addfffff,26.980807983274115,75.75811084886733,0,0,1,0,0,0
883da21acbfffff,26.979962463697866,75.74850934549421,0,0,0,0,0,0
883da21ac9fffff,26.97911628859284,75.73890792955181,0,0,0,0,0,0
883da21127fffff,26.978269458019142,75.72930660157824,0,0,0,0,0,0
883da21125fffff,26.97742197203703,75.71970536211145,0,0,0,0,0,0
883da21a19fffff,26.969999622342254,75.71562974407209,0,0,0,0,0,0
883da21a1dfffff,26.962577772626382,75.71155500213737,0,0,0,0,0,0
883da21a03fffff,26.955156423203317,75.70748113606605,0,2,3,0,1,4
883da21a07fffff,26.947735574386787,75.70340814561695,0,0,1,0,0,2
883da21a2bfffff,26.940315226490338,75.69933603054893,0,0,0,0,0,0
883da21a21fffff,26.932895379827343,75.69526479062095,0,0,0,1,0,0
883da21a25fffff,26.92547603471099,75.69119442559203,0,0,0,0,0,0
883da21b19fffff,26.918057191454295,75.68712493522123,0,0,0,0,0,0
883da21b1dfffff,26.910638850370113,75.6830563192677,0,0,0,0,0,0
883da21b03fffff,26.9032210117711,75.67898857749067,0,0,0,0,0,0
883da21b39fffff,26.896654034380052,75.68451139705726,0,0,0,0,0,0
883da21b31fffff,26.890087427283163,75.69003308255351,0,0,0,0,0,0
883da21b37fffff,26.88352119081506,75.69555363422612,0,0,0,0,0,0
883da2195dfffff,26.876955325310256,75.7010730523218,0,0,0,0,0,0
883da21955fffff,26.87038983110298,75.70659133708735,0,0,0,0,0,0
883da2190bfffff,26.863824708527343,75.71210848876936,0,0,0,0,0,0
883da21903fffff,26.85725995791726,75.71762450761456,0,0,0,0,0,0
883da21939fffff,26.850695579606434,75.72313939386959,0,0,0,0,0,0
883da21931fffff,26.844131573928415,75.72865314778106,0,0,0,0,0,0
883da21937fffff,26.83756794121656,75.73416576959562,0,0,0,0,0,0
883da256ddfffff,26.83100468180403,75.73967725955985,0,0,0,0,0,0
883da256d1fffff,26.83185047718547,75.74925745135877,0,0,0,0,0,0
883da256d3fffff,26.8326956224242,75.75883773016045,0,0,0,0,0,0
883da219a5fffff,26.833540117460398,75.76841809543032,0,0,0,0,0,0
883da219a7fffff,26.834383962234313,75.77799854663392,0,0,2,0,0,0
883da20b49fffff,26.835227156686422,75.78757908323664,0,0,0,0,0,0
883da20b4bfffff,26.83606970075727,75.79715970470384,0,0,0,0,0,0
883da20b5dfffff,26.836911594387587,75.80674041050091,0,0,0,0,0,0
883da20b51fffff,26.83775283751825,75.8163212000932,0,0,0,0,0,0
883da20b53fffff,26.838593430090246,75.82590207294604,0,0,0,0,0,0
883da20a25fffff,26.839433372044727,75.83548302852465,0,0,3,0,2,2
883da20a27fffff,26.840272663322967,75.84506406629433,0,0,0,0,0,0
883da20a23fffff,26.847679228070078,75.84914522016466,0,0,0,0,0,0
883da20a3dfffff,26.855086293132633,75.85322724846371,0,0,0,0,0,0
883da20a39fffff,26.86249385819815,75.85731015143112,0,0,0,0,0,0
883da20a15fffff,26.86990192295396,75.86139392930654,0,0,0,0,0,0
883da20a11fffff,26.8773104870872,75.86547858232976,0,0,0,0,0,0
883da20a1bfffff,26.88471955028487,75.86956411074053,0,0,0,0,0,0
883da20127fffff,26.892129112233743,75.87365051477876,0,0,0,0,0,0
883da20123fffff,26.89953917262045,75.87773779468444,0,0,0,0,0,0
883da2013dfffff,26.90694973113143,75.88182595069748,0,0,0,0,0,0
883da20139fffff,26.91436078745297,75.88591498305804,0,0,0,0,0,0
883da20115fffff,26.921772341271144,75.89000489200626,0,0,0,0,0,0
883da2011dfffff,26.92834827652036,75.88450210570547,0,0,0,0,0,0
883da20157fffff,26.934924586880676,75.87899818517538,0,0,0,0,0,0
883da20151fffff,26.941501272018446,75.87349313016685,0,0,0,0,0,0
883da20159fffff,26.948078331599813,75.86798694043081,0,0,0,0,0,0
883da20333fffff,26.95465576529076,75.86247961571807,0,0,0,0,0,0
883da2033bfffff,26.961233572757063,75.85697115577952,0,0,0,0,0,0
883da20315fffff,26.967811753664314,75.85146156036593,0,0,0,0,0,0
883da2031dfffff,26.974390307677933,75.84595082922813,0,0,0,0,0,0
883da20357fffff,26.980969234463146,75.84043896211686,0,0,0,0,0,0
883da20351fffff,26.98754853368501,75.83492595878295,0,0,0,0,0,0
883da20359fffff,26.994128205008366,75.82941181897708,0,0,0,0,0,0
883da211b7fffff,26.9932875412933,75.81980866977919,0,0,0,0,0,0
883da211b5fffff,26.992446221350335,75.81020560403338,0,0,0,0,0,0
883da211a3fffff,26.99160424523854,75.8006026222781,0,0,0,0,0,0
883da211a1fffff,26.99076161301706,75.79099972505172,0,0,0,0,0,0
883da211adfffff,26.989918324745243,75.78139691289265,0,0,1,0,0,0
883da21adbfffff,26.989074380482514,75.77179418633918,0,0,2,0,0,1
883da21ad9fffff,26.988229780288513,75.76219154592972,0,0,0,0,0,0
883da21137fffff,26.98738452422294,75.75258899220249,0,0,0,0,0,0
883da21135fffff,26.98653861234573,75.7429865256958,0,0,0,0,0,0
883da21123fffff,26.98569204471689,75.7333841469478,0,0,0,0,0,0
883da21121fffff,26.984844821396614,75.72378185649681,0,0,0,0,0,0
883da2112dfffff,26.98399694244523,75.7141796548809,0,0,0,0,0,0
883da21a53fffff,26.97657383070684,75.71010421168944,0,0,0,0,0,0
883da21a57fffff,26.96915121888883,75.70602964471104,0,0,0,0,0,0
883da21a0bfffff,26.96172910730522,75.70195595370436,0,0,0,0,0,0
883da21a01fffff,26.954307496269806,75.69788313842811,0,0,2,0,0,0
883da21a05fffff,26.946886386096267,75.6938111986411,0,0,0,0,0,0
883da21a29fffff,26.939465777098032,75.6897401341022,0,0,0,0,0,0
883da21a2dfffff,26.932045669588415,75.6856699445703,0,0,0,0,0,0
883da21b53fffff,26.924626063880527,75.6816006298044,0,0,0,0,0,0
883da21b57fffff,26.91720696028729,75.67753218956358,0,0,0,0,0,0
883da21b0bfffff,26.909788359121492,75.67346462360695,0,0,0,0,0,0
883da21b01fffff,26.902370260695697,75.66939793169378,0,0,0,0,0,0
883da21b07fffff,26.89580367596975,75.67492170964944,0,0,0,0,0,0
883da21b3dfffff,26.889237461288584,75.68044435352151,0,0,0,0,0,0
883da21b35fffff,26.882671616986904,75.68596586355665,0,0,0,0,0,0
883da2194bfffff,26.876106143399234,75.69148624000147,0,0,0,0,0,0
883da21943fffff,26.869541040859932,75.69700548310254,0,0,0,0,0,0
883da21909fffff,26.862976309703164,75.70252359310648,0,0,0,0,0,0
883da21901fffff,26.856411950262885,75.70804057025987,0,0,0,0,0,0
883da21907fffff,26.8498479628729,75.71355641480918,0,0,0,0,0,0
883da2193dfffff,26.84328434786682,75.71907112700102,0,0,0,0,0,0
883da21935fffff,26.836721105578068,75.72458470708186,0,0,0,2,0,0
883da256cbfffff,26.83015823633987,75.73009715529822,0,0,0,0,0,0
883da256c3fffff,26.823595740485292,75.7356084718966,0,0,0,0,0,0
883da256d5fffff,26.8244417960238,75.7451876179204,0,0,0,0,0,0
883da256d7fffff,26.82528720170108,75.75476685115565,0,0,1,0,0,0
883da25699fffff,26.826131957457214,75.76434617106803,0,0,0,0,0,0
883da2569bfffff,26.826976063232458,75.77392557712314,0,0,0,0,0,0
883da20b4dfffff,26.827819518967175,75.78350506878662,0,0,0,0,0,0
883da20b41fffff,26.828662324601897,75.79308464552408,0,0,1,0,0,0
883da20b43fffff,26.829504480077272,75.80266430680092,0,0,0,0,0,0
883da20b55fffff,26.830345985334116,75.81224405208285,0,0,0,0,0,0
883da20b57fffff,26.83118684031338,75.8218238808352,0,0,0,0,0,0
883da20b19fffff,26.832027044956146,75.83140379252352,0,1,0,1,0,0
883da20b1bfffff,26.832866599203637,75.84098378661322,0,0,0,0,0,0
883da2084dfffff,26.83370550299725,75.8505638625697,0,0,0,1,0,0
883da20849fffff,26.841111303866427,75.85464518572032,0,0,0,0,0,0
883da20a35fffff,26.848517605108544,75.85872738319013,1,0,2,0,0,1
883da20a31fffff,26.85592440641122,75.86281045521869,1,0,0,1,0,0
883da20a3bfffff,26.863331707461892,75.86689440204559,0,0,0,0,0,0
883da20a17fffff,26.870739507947775,75.87097922391047,0,0,0,0,0,0
883da20a13fffff,26.878147807555965,75.87506492105307,0,0,0,0,0,0
883da20acdfffff,26.885556605973335,75.8791514937132,0,0,0,0,0,0
883da20ac9fffff,26.892965902886633,75.88323894213067,0,0,0,0,0,0
883da20135fffff,26.900375697982366,75.88732726654541,0,0,0,0,0,0
883da20131fffff,26.90778599094694,75.89141646719746,0,0,0,0,0,0
883da2013bfffff,26.91519678146651,75.89550654432684,0,0,0,0,0,0
883da20117fffff,26.922608069227113,75.89959749817372,0,0,0,0,0,0
883da20111fffff,26.92918439227189,75.89409567778236,0,0,0,0,0,0
883da20119fffff,26.935761090677044,75.88859272317912,0,0,0,0,0,0
883da20153fffff,26.942338164108975,75.88308863411473,0,0,0,0,0,0
883da2015bfffff,26.94891561223391,75.87758341034004,0,0,0,0,0,0
883da20065fffff,26.955493434717887,75.87207705160579,0,0,0,0,0,0
883da2006dfffff,26.962071631226767,75.86656955766261,0,0,0,0,0,0
883da20317fffff,26.96865020142623,75.86106092826137,0,0,0,0,0,0
883da20311fffff,26.975229144981753,75.85555116315267,0,0,0,0,0,0
883da20319fffff,26.981808461558614,75.85004026208719,0,0,0,0,0,0
883da20353fffff,26.988388150821955,75.84452822481563,0,0,0,0,0,0
883da2035bfffff,26.994968212436692,75.8390150510886,0,0,0,0,0,0
883da20265fffff,27.001548646067562,75.8335007406567,0,0,0,0,0,0
883da211b3fffff,27.000708248097894,75.82389654245,0,0,0,0,0,0
883da211b1fffff,26.99986719361784,75.81429242748378,0,0,0,0,0,0
883da211bdfffff,26.99902548268632,75.80468839629657,0,0,0,0,0,0
883da211abfffff,26.99818311536251,75.79508444942704,0,0,0,0,0,0
883da211a9fffff,26.997340091705638,75.78548058741369,0,0,0,0,0,0
883da211e7fffff,26.99649641177511,75.77587681079507,0,0,0,0,0,0
883da211e5fffff,26.995652075630474,75.76627312010969,0,0,1,0,0,0
883da21133fffff,26.994807083331416,75.75666951589602,0,0,0,0,0,0
883da21131fffff,26.993961434937763,75.74706599869249,2,0,0,0,0,0
883da2113dfffff,26.99311513050953,75.73746256903756,0,0,0,0,0,0
883da2112bfffff,26.992268170106797,75.72785922746955,0,0,0,0,0,0
883da21129fffff,26.991420553789844,75.71825597452688,0,0,0,0,0,0
883da21167fffff,26.99057228161909,75.70865281074782,0,0,0,0,0,0
883da21a5bfffff,26.983148407923185,75.70457754263828,0,0,0,0,0,0
883da21a51fffff,26.975725034089127,75.7005031508502,0,0,0,0,0,0
883da21a55fffff,26.96830216043097,75.69642963514208,0,0,0,0,0,0
883da21a09fffff,26.96087978726264,75.6923569952726,0,0,0,0,0,0
883da21a0dfffff,26.95345791489787,75.6882852310005,0,0,0,0,0,0
883da21a63fffff,26.94603654365025,75.68421434208449,0,0,0,0,0,0
883da21a67fffff,26.938615673833155,75.68014432828342,0,0,0,0,0,0
883da21b5bfffff,26.931195305759793,75.67607518935624,0,0,0,0,0,0
883da21b51fffff,26.92377543974318,75.67200692506186,0,0,0,0,0,0
883da21b55fffff,26.9163560760962,75.66793953515939,0,0,0,0,0,0
883da21b09fffff,26.908937215131512,75.66387301940787,0,0,0,0,0,0
883da21b0dfffff,26.901518857161644,75.65980737756658,0,0,0,0,0,0
883da21b05fffff,26.894952665322325,75.66533211358326,0,0,0,0,0,0
883da21b2bfffff,26.88838684327838,75.67085571550332,0,0,0,0,0,0
883da21b23fffff,26.8818213913646,75.67637818357333,0,0,0,0,0,0
883da21949fffff,26.875256309915567,75.68189951803977,0,0,0,0,0,0
883da21941fffff,26.86869159926571,75.68741971914915,0,0,0,0,0,0
883da21947fffff,26.862127259749244,75.6929387871479,0,0,0,0,0,0
883da2190dfffff,26.855563291700236,75.6984567222825,0,0,0,0,0,0
883da21905fffff,26.84899969545253,75.70397352479944,0,0,0,0,0,0
883da2192bfffff,26.842436471339823,75.70948919494512,0,0,0,0,0,0
883da21923fffff,26.835873619695594,75.71500373296594,0,0,0,0,0,0
883da256c9fffff,26.829311140853136,75.72051713910827,0,0,0,0,0,0
883da256c1fffff,26.822749035145605,75.72602941361853,0,0,0,0,0,0
883da256c7fffff,26.816187302905927,75.73154055674304,0,0,0,0,0,0
883da25689fffff,26.817033618347207,75.74111865712338,0,0,0,0,0,0
883da2568bfffff,26.817879284208686,75.75069684492372,0,0,0,0,0,0
883da2569dfffff,26.81872430043041,75.76027511960991,0,0,0,0,0,0
883da25691fffff,26.819568666952552,75.76985348064778,0,0,0,0,0,3
883da25693fffff,26.82041238371544,75.7794319275031,0,0,0,0,0,0
883da20b45fffff,26.82125545065953,75.78901045964162,0,0,0,0,0,0
883da20b47fffff,26.82209786772542,75.79858907652908,0,0,0,0,0,0
883da20b09fffff,26.82293963485388,75.80816777763117,0,0,0,0,0,0
883da20b0bfffff,26.823780751985797,75.81774656241356,0,0,0,0,0,0
883da20b1dfffff,26.824621219062195,75.82732543034192,0,0,0,0,0,0
883da20b11fffff,26.825461036024247,75.83690438088185,0,0,0,0,0,0
883da20b13fffff,26.826300202813282,75.84648341349887,0,0,1,0,0,0
883da20845fffff,26.827138719370744,75.85606252765865,0,0,0,0,0,0
883da20841fffff,26.83454375627849,75.86014401985837,0,0,0,0,0,0
883da2084bfffff,26.841949293616644,75.86422638626777,0,0,0,0,0,0
883da20a37fffff,26.849355331072896,75.86830962712625,0,0,0,0,0,0
883da20a33fffff,26.85676186833477,75.87239374267334,0,0,0,0,0,0
883da20aedfffff,26.864168905089603,75.87647873314863,0,0,0,0,0,0
883da20ae9fffff,26.871576441024555,75.8805645987917,0,0,0,0,0,0
883da20ac5fffff,26.878984475826627,75.88465133984229,0,0,0,0,0,0
883da20ac1fffff,26.88639300918263,75.8887389565402,0,0,0,0,0,0
883da20acbfffff,26.89380204077921,75.8928274491252,0,0,0,0,0,0
883da20137fffff,26.901211570302824,75.89691681783722,0,0,0,0,0,0
883da20133fffff,26.90862159743974,75.90100706291626,0,0,0,0,0,0
883da201edfffff,26.916032121876103,75.90509818460237,0,0,0,0,0,0
883da201e9fffff,26.92344314329783,75.9091901831356,0,0,0,0,0,0
883da20113fffff,26.93001985391458,75.90368932897823,0,0,0,0,0,0
883da2011bfffff,26.936596940140944,75.89818734062658,0,0,0,1,0,0
883da20025fffff,26.94317440164342,75.8926842178313,0,0,0,0,0,0
883da2002dfffff,26.949752238088283,75.8871799603431,0,0,0,0,0,0
883da20067fffff,26.956330449141667,75.88167456791261,0,0,0,0,0,0
883da20061fffff,26.962909034469476,75.87616804029041,0,0,0,0,0,0
883da20069fffff,26.969487993737474,75.87066037722718,0,0,0,0,0,0
883da20313fffff,26.976067326611194,75.86515157847346,0,0,0,0,0,0
883da2031bfffff,26.982647032756013,75.85964164377988,0,0,0,0,0,0
883da20225fffff,26.989227111837117,75.85413057289693,0,0,0,0,0,1
883da2022dfffff,26.995807563519502,75.84861836557519,0,0,0,0,0,0
883da20267fffff,27.002388387467995,75.84310502156517,0,0,0,0,0,0
883da20261fffff,27.00896958334721,75.83759054061734,0,0,0,0,0,0
883da2026dfffff,27.008129451379133,75.82798529327057,0,0,0,0,0,0
883da211bbfffff,27.00728866261809,75.81838012895243,0,0,0,0,0,0
883da211b9fffff,27.006447217122975,75.80877504820175,0,0,0,0,0,0
883da21187fffff,27.005605114952864,75.79917005155731,0,0,0,0,0,0
883da21185fffff,27.00476235616696,75.78956513955784,0,0,0,0,0,0
883da211e3fffff,27.0039189408246,75.77996031274206,0,0,0,0,0,0
883da211e1fffff,27.003074868985262,75.77035557164861,0,0,0,0,0,0
883da211edfffff,27.002230140708598,75.76075091681616,0,0,0,0,0,0
883da2113bfffff,27.00138475605438,75.7511463487834,0,0,0,0,0,0
883da21139fffff,27.000538715082524,75.74154186808886,0,0,0,0,0,0
883da21107fffff,26.99969201785311,75.73193747527115,0,0,0,0,0,0
883da21105fffff,26.99884466442633,75.72233317086878,0,0,0,0,0,0
883da21163fffff,26.99799665486255,75.71272895542029,0,0,0,0,0,0
883da21161fffff,26.99714798922225,75.70312482946412,0,0,0,0,0,0
883da21165fffff,26.98972335365509,75.69904973667067,0,0,0,0,0,0
883da21a59fffff,26.982299217891125,75.69497552030703,0,0,0,0,0,0
883da21a5dfffff,26.974875582244547,75.6909021801316,0,0,0,0,0,0
883da21a43fffff,26.967452447029345,75.68682971590296,0,0,0,0,0,0
883da21a47fffff,26.960029812559398,75.68275812737974,0,0,0,0,0,0
883da21a6bfffff,26.952607679148354,75.67868741432063,0,0,0,0,0,0
883da21a61fffff,26.945186047109665,75.67461757648432,0,0,0,0,0,0
883da21a65fffff,26.937764916756656,75.6705486136297,0,0,0,0,0,0
883da21b59fffff,26.930344288402456,75.66648052551564,0,0,0,0,0,0
883da21b5dfffff,26.922924162360015,75.66241331190112,0,0,0,0,0,0
883da21b43fffff,26.91550453894211,75.65834697254512,0,0,0,0,0,0
883da21b47fffff,26.908085418461347,75.65428150720672,0,0,0,0,0,0
883da21b6bfffff,26.900666801230148,75.65021691564512,0,0,0,0,0,0
883da21b63fffff,26.894101002498907,75.65574260939466,0,0,0,0,0,0
883da21b29fffff,26.8875355733136,75.66126716903473,0,0,0,0,0,0
883da21b21fffff,26.88097051400912,75.6667905948118,0,0,0,0,0,0
883da21b27fffff,26.87440582492012,75.67231288697222,0,0,0,0,0,0
883da2194dfffff,26.867841506381087,75.67783404576244,0,0,0,0,0,0
883da21945fffff,26.861277558726325,75.68335407142878,0,0,0,0,0,0
883da2196bfffff,26.854713982289947,75.68887296421764,0,0,0,0,0,0
883da21963fffff,26.84815077740588,75.6943907243753,0,0,0,0,0,0
883da21929fffff,26.84158794440788,75.69990735214814,0,0,0,0,0,0
883da21921fffff,26.835025483629494,75.70542284778244,0,0,0,0,0,0
883da21927fffff,26.828463395404114,75.71093721152448,0,0,0,0,0,0
883da256cdfffff,26.821901680064933,75.71645044362053,0,0,0,0,0,0
883da256c5fffff,26.81534033794495,75.72196254431682,0,0,0,0,0,0
883da256ebfffff,26.808779369376985,75.72747351385966,0,0,0,0,0,0
883da2568dfffff,26.809625944466845,75.73705056872816,0,0,0,0,0,0
883da25681fffff,26.810471870258286,75.74662771122509,0,0,0,0,0,0
883da25683fffff,26.811317146691298,75.75620494081645,0,0,0,0,0,0
883da25695fffff,26.812161773706013,75.76578225696825,0,0,1,0,0,6
883da25697fffff,26.813005751242684,75.77535965914646,0,0,0,0,0,0
883da20b69fffff,26.813849079241734,75.78493714681703,0,0,0,0,0,0
883da20b6bfffff,26.8146917576437,75.79451471944583,0,0,0,0,0,0
883da20b0dfffff,26.81553378638927,75.80409237649874,0,0,0,0,0,0
883da20b01fffff,26.8163751654193,75.81367011744166,0,0,0,0,0,0
883da20b03fffff,26.817215894674742,75.8232479417404,0,0,0,0,0,0
883da20b15fffff,26.818055974096737,75.83282584886074,0,0,0,0,0,0
883da20b17fffff,26.818895403626534,75.84240383826842,0,0,0,0,0,0
883da20869fffff,26.81973418320553,75.85198190942921,0,0,0,0,0,0
883da2086bfffff,26.82057231277528,75.86156006180886,1,0,0,0,0,0
883da20847fffff,26.82797658563825,75.8656417228267,0,0,0,1,0,0
883da20843fffff,26.83538135898901,75.86972425794455,0,0,0,0,0,0
883da2085dfffff,26.84278663251537,75.87380766740189,0,0,0,0,0,0
883da20859fffff,26.85019240590492,75.87789195143804,0,0,0,0,0,0
883da20ae5fffff,26.857598678845097,75.88197711029251,0,0,0,0,0,0
883da20ae1fffff,26.865005451023176,75.88606314420487,0,0,0,0,0,0
883da20aebfffff,26.87241272212625,75.89015005341467,0,0,0,0,0,0
883da20ac7fffff,26.87982049184121,75.8942378381617,0,0,0,0,0,0
883da20ac3fffff,26.887228759854803,75.89832649868563,0,0,0,0,0,0
883da20addfffff,26.894637525853582,75.9024160352263,0,0,0,0,0,0
883da20ad9fffff,26.90204678952394,75.90650644802359,0,0,0,0,0,0
883da201e5fffff,26.909456550552093,75.91059773731749,0,0,0,0,0,0
883da201e1fffff,26.91686680862404,75.91468990334796,0,0,0,0,0,0
883da201ebfffff,26.924277563425644,75.91878294635514,0,0,0,0,0,0
883da201c5fffff,26.93085466139068,75.91328305875618,0,0,0,0,0,0
883da201cdfffff,26.937432135214564,75.90778203698069,0,0,0,0,0,0
883da20027fffff,26.944009984563873,75.90227988077929,0,0,0,0,0,0
883da20021fffff,26.95058820910495,75.89677658990254,0,0,0,0,0,0
883da20029fffff,26.95716680850399,75.89127216410098,0,0,0,0,0,0
883da20063fffff,26.963745782426987,75.8857666031251,0,0,0,0,0,0
883da2006bfffff,26.970325130539763,75.88025990672547,0,0,0,0,0,0
883da20045fffff,26.976904852507918,75.87475207465252,0,0,0,0,0,0
883da2004dfffff,26.98348494799692,75.86924310665674,0,0,0,0,0,0
883da20227fffff,26.990065416672003,75.86373300248859,0,0,0,0,0,0
883da20221fffff,26.996646258198233,75.85822176189843,0,0,0,0,0,0
883da20229fffff,27.00322747224052,75.85270938463675,0,0,0,0,0,0
883da20263fffff,27.00980905846354,75.84719587045393,0,0,0,0,0,0
883da2026bfffff,27.016391016531813,75.84168121910032,0,0,0,0,0,0
883da20269fffff,27.01555115082159,75.83207492248218,0,0,0,0,0,0
883da21197fffff,27.01471062803578,75.82246870868076,0,0,0,0,0,0
883da21195fffff,27.01386944823322,75.81286257823504,0,0,0,0,0,0
883da21183fffff,27.013027611472967,75.80325653168399,0,0,0,0,0,0
883da21181fffff,27.012185117814102,75.79365056956652,0,0,0,0,0,0
883da2118dfffff,27.01134196731597,75.78404469242156,0,0,0,0,0,0
883da211ebfffff,27.010498160037947,75.7744389007879,0,0,0,0,0,0
883da211e9fffff,27.009653696039653,75.76483319520445,0,0,0,0,0,0
883da21117fffff,27.008808575380787,75.75522757620998,0,0,0,0,0,0
883da21115fffff,27.00796279812121,75.74562204434329,0,0,0,0,0,0
883da21103fffff,27.00711636432096,75.73601660014315,0,0,0,0,0,0
883da21101fffff,27.00626927404015,75.72641124414825,0,0,0,0,0,0
883da2110dfffff,27.005421527339095,75.71680597689726,0,0,0,0,0,0
883da2116bfffff,27.004573124278238,75.70720079892891,0,0,0,0,0,0
883da21169fffff,27.003724064918167,75.69759571078183,0,0,0,0,0,0
883da2116dfffff,26.996298667566094,75.69352079353875,0,0,0,0,0,0
883da2c4b3fffff,26.98887376995853,75.68944675283376,0,0,0,0,0,0
883da2c4b7fffff,26.981449372409763,75.68537358842522,0,0,0,0,0,0
883da21a4bfffff,26.974025475233905,75.6813013000716,0,0,0,0,0,0
883da21a41fffff,26.966602078744884,75.67722988753141,0,0,0,0,0,0
883da21a45fffff,26.959179183256456,75.67315935056325,0,0,0,0,0,0
883da21a69fffff,26.951756789082197,75.6690896889258,0,0,0,0,0,0
883da21a6dfffff,26.944334896535505,75.6650209023778,0,0,0,0,0,0
883da2c5b3fffff,26.936913505929617,75.66095299067801,0,0,0,0,0,0
883da2c5b7fffff,26.929492617577566,75.65688595358536,0,0,0,0,0,0
883da21b4bfffff,26.922072231792235,75.65281979085876,0,0,0,0,0,0
883da21b41fffff,26.91465234888631,75.64875450225715,0,0,0,0,0,0
883da21b45fffff,26.907232969172313,75.64469008753973,0,0,0,0,0,0
883da21b69fffff,26.89981409296261,75.64062654646558,0,0,0,0,0,0
883da21b61fffff,26.89324868756075,75.6461531976196,0,0,0,0,0,0
883da21b67fffff,26.88668365145543,75.65167871465148,0,0,0,0,0,0
883da21b2dfffff,26.880118984981582,75.65720309780765,0,0,0,0,0,0
883da21b25fffff,26.873554688473924,75.66272634733431,0,0,0,0,0,0
883da2cc9bfffff,26.86699076226701,75.66824846347778,0,0,0,0,0,0
883da2cc93fffff,26.86042720669524,75.6737694464843,0,0,0,0,0,0
883da21969fffff,26.853864022092765,75.67928929660017,0,0,0,0,0,0
883da21961fffff,26.847301208793603,75.68480801407159,0,0,0,0,0,0
883da21967fffff,26.84073876713156,75.69032559914477,0,0,0,5,0,0
883da2192dfffff,26.83417669744029,75.69584205206591,0,0,0,0,0,0
883da21925fffff,26.827615000053203,75.7013573730812,0,0,0,0,0,0
883da2561bfffff,26.821053675303578,75.70687156243679,0,0,0,0,0,0
883da25613fffff,26.814492723524513,75.71238462037887,0,0,0,0,0,0
883da256e9fffff,26.807932145048888,75.71789654715352,0,0,0,0,0,0
883da256e1fffff,26.8013719402094,75.72340734300688,0,0,0,0,0,0
883da256e3fffff,26.80221877469369,75.73298335249521,0,0,0,0,0,0
883da25685fffff,26.803064960160928,75.7425594498202,0,0,0,0,0,0
883da25687fffff,26.803910496551033,75.75213563444812,0,0,0,0,0,0
883da256b9fffff,26.804755383804068,75.76171190584508,0,0,0,0,0,0
883da256bbfffff,26.80559962186024,75.77128826347729,0,0,0,0,0,1
883da20b6dfffff,26.80644321065991,75.78086470681082,0,0,0,0,0,0
883da20b61fffff,26.80728615014356,75.79044123531176,0,0,0,0,0,0
883da20b63fffff,26.808128440251842,75.8000178484462,0,0,0,0,0,0
883da20b05fffff,26.808970080925526,75.80959454568016,0,0,1,0,0,0
883da20b07fffff,26.80981107210552,75.81917132647963,0,0,0,0,0,0
883da20b39fffff,26.810651413732913,75.82874819031059,0,0,0,0,0,0
883da20b3bfffff,26.81149110574889,75.83832513663901,0,0,0,0,0,0
883da2086dfffff,26.8123301480948,75.8479021649308,0,0,0,0,0,0
883da20861fffff,26.813168540712127,75.85747927465185,0,0,0,0,0,0
883da20863fffff,26.814006283542497,75.867056465268,0,0,0,0,0,0
883da2080dfffff,26.82140979227745,75.871138294873,0,0,0,0,0,0
883da20809fffff,26.82881380155753,75.87522099846844,0,0,0,0,0,0
883da20855fffff,26.83621831107062,75.87930457629359,0,0,2,0,0,0
883da20851fffff,26.84362332050443,75.88338902858779,0,0,0,0,0,0
883da2085bfffff,26.851028829546497,75.88747435559038,0,0,0,0,0,0
883da20ae7fffff,26.85843483788418,75.89156055754094,0,0,0,0,0,0
883da20ae3fffff,26.865841345204664,75.89564763467888,0,0,0,0,0,0
883da20a8dfffff,26.873248351194935,75.89973558724384,0,0,0,0,0,0
883da20a89fffff,26.880655855541857,75.9038244154755,0,0,0,0,0,0
883da20ad5fffff,26.88806385793207,75.90791411961355,0,0,0,0,0,0
883da20ad1fffff,26.895472358052036,75.91200469989786,0,0,0,0,0,0
883da20adbfffff,26.902881355588093,75.91609615656823,0,0,0,0,0,0
883da201e7fffff,26.91029085022634,75.92018848986461,0,0,0,0,0,0
883da201e3fffff,26.917700841652724,75.92428170002697,0,0,0,0,0,0
883da2018dfffff,26.925111329553058,75.92837578729545,0,0,0,0,0,0
883da201c7fffff,26.9316888146426,75.92287686657913,0,0,0,2,0,0
883da201c1fffff,26.93826667584024,75.91737681170429,0,0,0,0,0,0
883da201c9fffff,26.944844912812584,75.9118756224214,0,0,0,0,0,0
883da20023fffff,26.951423525226065,75.90637329848093,0,0,0,0,0,0
883da2002bfffff,26.95800251274696,75.90086983963333,0,0,0,0,0,0
883da20005fffff,26.9645818750413,75.89536524562898,0,0,0,0,0,0
883da2000dfffff,26.971161611775006,75.88985951621831,0,0,0,0,0,0
883da20047fffff,26.977741722613747,75.88435265115172,0,0,0,0,0,0
883da20041fffff,26.984322207223048,75.87884465017952,0,0,0,0,0,0
883da20049fffff,26.990903065268228,75.8733355130521,0,0,0,0,0,0
883da20223fffff,26.997484296414424,75.86782523951972,0,0,0,0,0,0
883da2022bfffff,27.0040659003266,75.86231382933279,0,0,0,0,0,0
883da20205fffff,27.010647876669513,75.85680128224153,0,0,0,0,0,0
883da2020dfffff,27.017230225107756,75.8512875979962,0,0,0,0,0,0
883da20247fffff,27.023812945305718,75.84577277634703,0,0,0,0,0,0
883da20245fffff,27.022973346109666,75.83616543032628,0,0,0,0,0,0
883da21193fffff,27.022133089555375,75.82655816691016,0,0,0,0,0,0
883da21191fffff,27.021292175701664,75.81695098663786,0,0,0,0,0,0
883da2119dfffff,27.020450604607454,75.80734389004851,0,0,0,0,0,0
883da2118bfffff,27.019608376331835,75.79773687768122,0,0,0,0,0,0
883da21189fffff,27.018765490934033,75.78812995007507,0,0,0,0,0,0
883da211c7fffff,27.01792194847344,75.77852310776909,0,0,0,0,0,0
883da211c5fffff,27.017077749009562,75.76891635130235,0,0,0,0,0,0
883da21113fffff,27.016232892602055,75.7593096812138,0,0,0,0,0,0
883da21111fffff,27.015387379310738,75.7497030980424,0,0,0,0,0,0
883da2111dfffff,27.014541209195556,75.7400966023271,0,0,0,0,0,0
883da2110bfffff,27.013694382316615,75.73049019460682,0,0,0,0,0,0
883da21109fffff,27.012846898734146,75.72088387542041,0,0,0,0,0,0
883da21147fffff,27.011998758508525,75.71127764530674,0,0,0,0,0,0
883da21145fffff,27.011149961700287,75.70167150480461,0,0,0,0,0,0
