rank,h3,lat,lng,pop_in_10min,exclusive_pop,hexagons
1,883da21809fffff,26.91488,75.73102,206896,206896,28
2,883da21897fffff,26.91674,75.83245,230576,198932,31
3,883da219c7fffff,26.86806,75.76003,216421,187448,27
4,883da21ae9fffff,26.9577,75.73628,189070,182039,30
5,883da21ab7fffff,26.94136,75.79122,183464,174520,26
6,883da21ad1fffff,26.98165,75.76771,186449,170474,30
7,883da219b7fffff,26.84348,75.80124,169891,167253,23
8,883da25693fffff,26.82041,75.77943,154212,151574,25
9,883da218e1fffff,26.90512,75.78041,212365,146670,26
10,883da218a7fffff,26.88625,75.80653,181582,113216,26
